{"stats":{"minecraft:dropped":{"minecraft:stone_axe":1,"minecraft:wheat_seeds":1},"minecraft:picked_up":{"minecraft:pink_petals":7,"minecraft:crafting_table":5,"minecraft:jungle_log":16,"minecraft:leather":9,"minecraft:flint":1,"minecraft:string":2,"minecraft:dirt":7,"minecraft:wheat_seeds":5,"minecraft:beef":5,"minecraft:melon_slice":28,"minecraft:furnace":2,"minecraft:raw_iron":5,"minecraft:cooked_porkchop":15,"minecraft:torch":9,"minecraft:dripstone_block":9,"minecraft:gravel":4,"minecraft:porkchop":15,"minecraft:pointed_dripstone":1,"minecraft:white_bed":1,"minecraft:mossy_cobblestone":1,"minecraft:arrow":5,"minecraft:dispenser":1,"minecraft:rotten_flesh":7,"minecraft:stone_axe":1,"minecraft:hay_block":14,"minecraft:gray_wool":2,"minecraft:mutton":24,"minecraft:coal":76,"minecraft:white_wool":12,"minecraft:cobblestone":57},"minecraft:custom":{"minecraft:interact_with_furnace":17,"minecraft:mob_kills":42,"minecraft:interact_with_crafting_table":19,"minecraft:leave_game":1,"minecraft:time_since_death":43043,"minecraft:sleep_in_bed":2,"minecraft:climb_one_cm":1576,"minecraft:time_since_rest":5674,"minecraft:sprint_one_cm":154025,"minecraft:damage_taken":1141,"minecraft:walk_one_cm":73197,"minecraft:drop":2,"minecraft:damage_dealt":5875,"minecraft:swim_one_cm":17015,"minecraft:talked_to_villager":2,"minecraft:fly_one_cm":233059,"minecraft:open_chest":10,"minecraft:crouch_one_cm":931,"minecraft:play_time":43043,"minecraft:sneak_time":456,"minecraft:walk_under_water_one_cm":1775,"minecraft:jump":1452,"minecraft:walk_on_water_one_cm":5520,"minecraft:total_world_time":43043,"minecraft:fall_one_cm":45906,"minecraft:inspect_dispenser":1},"minecraft:broken":{"minecraft:stone_axe":1,"minecraft:golden_pickaxe":1,"minecraft:wooden_axe":1},"minecraft:crafted":{"minecraft:crafting_table":1,"minecraft:wooden_pickaxe":1,"minecraft:furnace":2,"minecraft:stone_axe":1,"minecraft:cooked_mutton":24,"minecraft:bread":42,"minecraft:air":0,"minecraft:jungle_planks":64,"minecraft:wooden_hoe":1,"minecraft:stick":32,"minecraft:iron_ingot":4,"minecraft:stone_pickaxe":1,"minecraft:wooden_axe":1,"minecraft:chest":2,"minecraft:white_bed":1,"minecraft:torch":88,"minecraft:wheat":126},"minecraft:killed":{"minecraft:pig":8,"minecraft:spider":1,"minecraft:creeper":2,"minecraft:sheep":16,"minecraft:horse":5,"minecraft:zombie":5,"minecraft:cow":4},"minecraft:mined":{"minecraft:white_bed":1,"minecraft:mossy_cobblestone":1,"minecraft:crafting_table":5,"minecraft:torch":4,"minecraft:short_grass":14,"minecraft:grass_block":4,"minecraft:melon":6,"minecraft:jungle_log":16,"minecraft:tall_grass":1,"minecraft:cobblestone":5,"minecraft:wall_torch":4,"minecraft:hay_block":14,"minecraft:furnace":2,"minecraft:iron_ore":5,"minecraft:pointed_dripstone":1,"minecraft:coal_ore":50,"minecraft:vine":5,"minecraft:gravel":6,"minecraft:dripstone_block":8,"minecraft:dispenser":1,"minecraft:stone":50,"minecraft:tripwire":2,"minecraft:oak_leaves":3},"minecraft:used":{"minecraft:cooked_mutton":8,"minecraft:flint_and_steel":1,"minecraft:stone_pickaxe":36,"minecraft:chest":2,"minecraft:wooden_pickaxe":4,"minecraft:rotten_flesh":10,"minecraft:torch":61,"minecraft:mossy_cobblestone":1,"minecraft:dirt":4,"minecraft:crafting_table":6,"minecraft:jungle_planks":4,"minecraft:white_bed":2,"minecraft:wooden_axe":43,"minecraft:wooden_hoe":14,"minecraft:bread":6,"minecraft:melon_slice":23,"minecraft:gravel":1,"minecraft:stone_axe":79,"minecraft:pink_petals":7,"minecraft:cobblestone":32,"minecraft:furnace":2,"minecraft:golden_pickaxe":92}},"DataVersion":3953}