{"stats":{"minecraft:mined":{"minecraft:white_bed":3,"minecraft:mossy_cobblestone":2,"minecraft:jungle_leaves":2,"minecraft:crafting_table":8,"minecraft:granite":4,"minecraft:short_grass":7,"minecraft:grass_block":5,"minecraft:jungle_log":7,"minecraft:redstone_wire":1,"minecraft:cobblestone":4,"minecraft:spawner":1,"minecraft:hay_block":12,"minecraft:furnace":3,"minecraft:iron_ore":59,"minecraft:andesite":2,"minecraft:oak_log":13,"minecraft:coal_ore":89,"minecraft:deepslate_iron_ore":23,"minecraft:gravel":3,"minecraft:dirt":2,"minecraft:cobweb":18,"minecraft:stone":63,"minecraft:deepslate":4,"minecraft:oak_leaves":3,"minecraft:tripwire":1,"minecraft:fern":1},"minecraft:custom":{"minecraft:interact_with_furnace":28,"minecraft:mob_kills":65,"minecraft:interact_with_crafting_table":19,"minecraft:interact_with_stonecutter":1,"minecraft:leave_game":1,"minecraft:time_since_death":79139,"minecraft:sleep_in_bed":4,"minecraft:climb_one_cm":1644,"minecraft:time_since_rest":2240,"minecraft:sprint_one_cm":358121,"minecraft:damage_taken":1521,"minecraft:walk_one_cm":127718,"minecraft:damage_blocked_by_shield":2279,"minecraft:drop":5,"minecraft:damage_dealt":8654,"minecraft:swim_one_cm":40113,"minecraft:fly_one_cm":403550,"minecraft:open_chest":10,"minecraft:crouch_one_cm":2219,"minecraft:play_time":79139,"minecraft:sneak_time":750,"minecraft:walk_under_water_one_cm":11152,"minecraft:jump":2073,"minecraft:walk_on_water_one_cm":20710,"minecraft:total_world_time":79139,"minecraft:fall_one_cm":65614,"minecraft:inspect_dispenser":1},"minecraft:dropped":{"minecraft:gravel":2,"minecraft:cobbled_deepslate":3,"minecraft:dirt":1,"minecraft:black_wool":1},"minecraft:crafted":{"minecraft:oak_planks":44,"minecraft:jungle_wood":3,"minecraft:crafting_table":1,"minecraft:iron_helmet":1,"minecraft:wooden_pickaxe":1,"minecraft:iron_sword":1,"minecraft:furnace":2,"minecraft:stone_axe":1,"minecraft:bread":36,"minecraft:air":0,"minecraft:jungle_planks":24,"minecraft:iron_boots":1,"minecraft:iron_chestplate":1,"minecraft:wooden_hoe":1,"minecraft:shield":1,"minecraft:iron_axe":1,"minecraft:stick":48,"minecraft:iron_ingot":33,"minecraft:iron_pickaxe":1,"minecraft:stone_pickaxe":1,"minecraft:wooden_axe":1,"minecraft:iron_leggings":1,"minecraft:white_bed":1,"minecraft:torch":140,"minecraft:wheat":108},"minecraft:broken":{"minecraft:stone_pickaxe":1,"minecraft:wooden_axe":1},"minecraft:picked_up":{"minecraft:crafting_table":8,"minecraft:jungle_log":7,"minecraft:leather":7,"minecraft:oak_log":11,"minecraft:dirt":34,"minecraft:string":5,"minecraft:cooked_mutton":18,"minecraft:bone":10,"minecraft:bow":1,"minecraft:cobbled_deepslate":3,"minecraft:beef":7,"minecraft:iron_ingot":3,"minecraft:furnace":3,"minecraft:stick":2,"minecraft:raw_iron":79,"minecraft:oak_fence":2,"minecraft:torch":3,"minecraft:gravel":2,"minecraft:porkchop":2,"minecraft:white_bed":3,"minecraft:redstone":1,"minecraft:mossy_cobblestone":1,"minecraft:arrow":22,"minecraft:rotten_flesh":13,"minecraft:hay_block":12,"minecraft:granite":4,"minecraft:gray_wool":1,"minecraft:rail":1,"minecraft:cobblestone":68,"minecraft:mutton":24,"minecraft:black_wool":1,"minecraft:white_wool":15,"minecraft:coal":160},"minecraft:killed":{"minecraft:armadillo":1,"minecraft:cave_spider":1,"minecraft:pig":2,"minecraft:spider":3,"minecraft:bat":1,"minecraft:creeper":2,"minecraft:skeleton":15,"minecraft:sheep":18,"minecraft:zombie":12,"minecraft:drowned":1,"minecraft:enderman":1,"minecraft:cow":4},"minecraft:used":{"minecraft:cooked_mutton":3,"minecraft:stone_pickaxe":131,"minecraft:oak_planks":22,"minecraft:shield":38,"minecraft:wooden_pickaxe":7,"minecraft:iron_sword":98,"minecraft:rotten_flesh":1,"minecraft:iron_chestplate":1,"minecraft:torch":127,"minecraft:mossy_cobblestone":1,"minecraft:dirt":6,"minecraft:mutton":6,"minecraft:crafting_table":8,"minecraft:white_bed":3,"minecraft:wooden_axe":35,"minecraft:wooden_hoe":12,"minecraft:iron_axe":30,"minecraft:bread":37,"minecraft:iron_pickaxe":122,"minecraft:iron_helmet":1,"minecraft:iron_boots":1,"minecraft:stone_axe":31,"minecraft:cobblestone":31,"minecraft:beef":6,"minecraft:furnace":3,"minecraft:porkchop":1,"minecraft:iron_leggings":1}},"DataVersion":3953}