{"stats":{"minecraft:broken":{"minecraft:stone_pickaxe":1,"minecraft:iron_axe":1,"minecraft:iron_pickaxe":1,"minecraft:wooden_axe":1},"minecraft:mined":{"minecraft:white_bed":4,"minecraft:mossy_cobblestone":2,"minecraft:oak_door":2,"minecraft:cherry_log":104,"minecraft:jungle_leaves":2,"minecraft:glow_lichen":1,"minecraft:granite":4,"minecraft:grass_block":156,"minecraft:jungle_log":7,"minecraft:redstone_wire":1,"minecraft:spawner":1,"minecraft:hay_block":24,"minecraft:furnace":3,"minecraft:iron_ore":103,"minecraft:andesite":2,"minecraft:deepslate_iron_ore":23,"minecraft:stone":198,"minecraft:tripwire":1,"minecraft:cherry_planks":55,"minecraft:oak_fence":1,"minecraft:crafting_table":13,"minecraft:torch":2,"minecraft:short_grass":23,"minecraft:emerald_ore":1,"minecraft:chest":4,"minecraft:cobblestone":24,"minecraft:tall_grass":8,"minecraft:oak_planks":27,"minecraft:wall_torch":1,"minecraft:pink_petals":24,"minecraft:cherry_door":2,"minecraft:oak_log":57,"minecraft:coal_ore":183,"minecraft:cherry_leaves":27,"minecraft:gravel":12,"minecraft:sand":36,"minecraft:dirt":45,"minecraft:cobweb":18,"minecraft:oak_leaves":20,"minecraft:deepslate":4,"minecraft:fern":1},"minecraft:custom":{"minecraft:mob_kills":95,"minecraft:interact_with_crafting_table":43,"minecraft:leave_game":2,"minecraft:time_since_death":164332,"minecraft:climb_one_cm":1644,"minecraft:sprint_one_cm":639961,"minecraft:walk_one_cm":348983,"minecraft:damage_blocked_by_shield":3564,"minecraft:drop":27,"minecraft:play_time":164332,"minecraft:sneak_time":1606,"minecraft:walk_under_water_one_cm":16467,"minecraft:boat_one_cm":25253,"minecraft:jump":4418,"minecraft:walk_on_water_one_cm":33226,"minecraft:total_world_time":164332,"minecraft:interact_with_furnace":56,"minecraft:interact_with_stonecutter":1,"minecraft:sleep_in_bed":11,"minecraft:time_since_rest":1386,"minecraft:damage_taken":3079,"minecraft:damage_dealt":13254,"minecraft:swim_one_cm":43612,"minecraft:fly_one_cm":831006,"minecraft:open_chest":32,"minecraft:crouch_one_cm":4765,"minecraft:fall_one_cm":134400,"minecraft:inspect_dispenser":1},"minecraft:used":{"minecraft:cherry_boat":1,"minecraft:cherry_wood":4,"minecraft:iron_shovel":220,"minecraft:chest":12,"minecraft:shield":75,"minecraft:iron_sword":179,"minecraft:rotten_flesh":1,"minecraft:iron_chestplate":1,"minecraft:oak_door":2,"minecraft:torch":258,"minecraft:dirt":34,"minecraft:mutton":6,"minecraft:glass":12,"minecraft:wooden_axe":35,"minecraft:iron_axe":308,"minecraft:iron_helmet":1,"minecraft:iron_boots":1,"minecraft:beef":6,"minecraft:furnace":7,"minecraft:cherry_log":32,"minecraft:iron_leggings":1,"minecraft:cooked_mutton":11,"minecraft:water_bucket":17,"minecraft:cobblestone_stairs":4,"minecraft:stone_pickaxe":131,"minecraft:oak_planks":169,"minecraft:wooden_pickaxe":7,"minecraft:cherry_planks":181,"minecraft:mossy_cobblestone":1,"minecraft:crafting_table":14,"minecraft:white_bed":5,"minecraft:wooden_hoe":24,"minecraft:black_wool":1,"minecraft:cherry_door":4,"minecraft:bread":74,"minecraft:iron_pickaxe":420,"minecraft:stone_axe":31,"minecraft:pink_petals":63,"minecraft:cobblestone":102,"minecraft:porkchop":1,"minecraft:bucket":18,"minecraft:dandelion":2},"minecraft:dropped":{"minecraft:wheat_seeds":9,"minecraft:oak_log":1,"minecraft:stick":2,"minecraft:dirt":4,"minecraft:string":6,"minecraft:pink_petals":192,"minecraft:bone":4,"minecraft:gravel":7,"minecraft:cobbled_deepslate":3,"minecraft:rotten_flesh":16,"minecraft:oak_sapling":1,"minecraft:spider_eye":1,"minecraft:black_wool":1},"minecraft:crafted":{"minecraft:cherry_planks":256,"minecraft:oak_door":3,"minecraft:oak_planks":216,"minecraft:cherry_wood":6,"minecraft:furnace":5,"minecraft:cherry_boat":1,"minecraft:cobblestone_stairs":4,"minecraft:glass":12,"minecraft:iron_boots":1,"minecraft:iron_axe":2,"minecraft:stone_pickaxe":1,"minecraft:chest":8,"minecraft:wheat":216,"minecraft:jungle_wood":3,"minecraft:crafting_table":2,"minecraft:wooden_pickaxe":1,"minecraft:iron_helmet":1,"minecraft:iron_sword":1,"minecraft:bucket":1,"minecraft:stone_axe":1,"minecraft:bread":72,"minecraft:air":0,"minecraft:jungle_planks":24,"minecraft:wooden_hoe":2,"minecraft:iron_chestplate":1,"minecraft:shield":2,"minecraft:stick":80,"minecraft:iron_ingot":76,"minecraft:iron_pickaxe":2,"minecraft:wooden_axe":1,"minecraft:cherry_door":3,"minecraft:iron_shovel":1,"minecraft:iron_leggings":1,"minecraft:white_bed":2,"minecraft:torch":228},"minecraft:picked_up":{"minecraft:crafting_table":13,"minecraft:string":16,"minecraft:cherry_boat":1,"minecraft:cobbled_deepslate":3,"minecraft:beef":7,"minecraft:chest":4,"minecraft:furnace":3,"minecraft:stick":11,"minecraft:raw_iron":122,"minecraft:oak_door":2,"minecraft:oak_fence":3,"minecraft:torch":6,"minecraft:porkchop":4,"minecraft:cherry_log":102,"minecraft:redstone":1,"minecraft:arrow":26,"minecraft:rotten_flesh":29,"minecraft:hay_block":24,"minecraft:cobblestone":247,"minecraft:mutton":31,"minecraft:white_wool":19,"minecraft:rail":1,"minecraft:pink_petals":362,"minecraft:cherry_planks":55,"minecraft:jungle_log":7,"minecraft:leather":7,"minecraft:flint":1,"minecraft:oak_log":55,"minecraft:cherry_door":2,"minecraft:dirt":226,"minecraft:cooked_mutton":18,"minecraft:bone":17,"minecraft:bow":1,"minecraft:wheat_seeds":18,"minecraft:iron_ingot":3,"minecraft:oak_planks":27,"minecraft:dandelion":2,"minecraft:gravel":7,"minecraft:sand":36,"minecraft:white_bed":4,"minecraft:spider_eye":2,"minecraft:mossy_cobblestone":1,"minecraft:granite":4,"minecraft:cherry_sapling":13,"minecraft:gray_wool":1,"minecraft:emerald":1,"minecraft:oak_sapling":1,"minecraft:black_wool":2,"minecraft:coal":252},"minecraft:killed":{"minecraft:armadillo":1,"minecraft:cave_spider":1,"minecraft:spider":10,"minecraft:skeleton":20,"minecraft:drowned":1,"minecraft:pig":4,"minecraft:bat":1,"minecraft:creeper":2,"minecraft:sheep":23,"minecraft:zombie":23,"minecraft:cow":4,"minecraft:enderman":1}},"DataVersion":3953}