{"stats":{"minecraft:broken":{"minecraft:iron_shovel":2,"minecraft:stone_pickaxe":1,"minecraft:iron_axe":1,"minecraft:iron_pickaxe":2,"minecraft:wooden_axe":1},"minecraft:mined":{"minecraft:white_bed":4,"minecraft:mossy_cobblestone":2,"minecraft:oak_door":2,"minecraft:cherry_log":152,"minecraft:jungle_leaves":2,"minecraft:glow_lichen":1,"minecraft:granite":4,"minecraft:grass_block":222,"minecraft:jungle_log":7,"minecraft:redstone_wire":1,"minecraft:spawner":1,"minecraft:hay_block":24,"minecraft:furnace":3,"minecraft:iron_ore":103,"minecraft:andesite":2,"minecraft:deepslate_iron_ore":23,"minecraft:stone":298,"minecraft:tripwire":1,"minecraft:cherry_planks":64,"minecraft:oak_fence":1,"minecraft:crafting_table":13,"minecraft:torch":3,"minecraft:short_grass":23,"minecraft:emerald_ore":1,"minecraft:chest":13,"minecraft:cobblestone":24,"minecraft:tall_grass":10,"minecraft:oak_planks":32,"minecraft:wall_torch":1,"minecraft:pink_petals":25,"minecraft:cherry_door":2,"minecraft:oak_log":113,"minecraft:coal_ore":183,"minecraft:cherry_leaves":54,"minecraft:gravel":12,"minecraft:sand":36,"minecraft:dirt":477,"minecraft:cobweb":18,"minecraft:stonecutter":2,"minecraft:oak_leaves":35,"minecraft:deepslate":4,"minecraft:fern":1},"minecraft:custom":{"minecraft:mob_kills":96,"minecraft:interact_with_crafting_table":54,"minecraft:leave_game":2,"minecraft:time_since_death":194332,"minecraft:climb_one_cm":1644,"minecraft:sprint_one_cm":719602,"minecraft:walk_one_cm":472993,"minecraft:damage_blocked_by_shield":3564,"minecraft:drop":27,"minecraft:talked_to_villager":1,"minecraft:play_time":194332,"minecraft:sneak_time":1628,"minecraft:walk_under_water_one_cm":16467,"minecraft:boat_one_cm":25253,"minecraft:jump":4709,"minecraft:walk_on_water_one_cm":33226,"minecraft:total_world_time":194332,"minecraft:interact_with_furnace":62,"minecraft:interact_with_stonecutter":5,"minecraft:sleep_in_bed":13,"minecraft:time_since_rest":6049,"minecraft:damage_taken":3109,"minecraft:damage_dealt":13334,"minecraft:swim_one_cm":43612,"minecraft:fly_one_cm":884040,"minecraft:open_chest":40,"minecraft:crouch_one_cm":4788,"minecraft:fall_one_cm":142163,"minecraft:inspect_dispenser":1},"minecraft:used":{"minecraft:cherry_boat":1,"minecraft:cherry_wood":4,"minecraft:iron_shovel":715,"minecraft:chest":34,"minecraft:shield":75,"minecraft:iron_sword":179,"minecraft:rotten_flesh":1,"minecraft:iron_chestplate":1,"minecraft:oak_door":2,"minecraft:torch":273,"minecraft:dirt":40,"minecraft:mutton":6,"minecraft:glass":36,"minecraft:wooden_axe":35,"minecraft:iron_axe":463,"minecraft:iron_helmet":1,"minecraft:iron_boots":1,"minecraft:beef":6,"minecraft:furnace":7,"minecraft:cherry_log":36,"minecraft:iron_leggings":1,"minecraft:cooked_mutton":12,"minecraft:water_bucket":17,"minecraft:cobblestone_stairs":19,"minecraft:stone_pickaxe":131,"minecraft:oak_planks":187,"minecraft:wooden_pickaxe":7,"minecraft:cherry_planks":321,"minecraft:stonecutter":3,"minecraft:mossy_cobblestone":1,"minecraft:crafting_table":14,"minecraft:white_bed":5,"minecraft:wooden_hoe":24,"minecraft:black_wool":1,"minecraft:cherry_door":4,"minecraft:bread":77,"minecraft:iron_pickaxe":524,"minecraft:stone_axe":31,"minecraft:pink_petals":63,"minecraft:cobblestone":102,"minecraft:porkchop":1,"minecraft:bucket":18,"minecraft:dandelion":2},"minecraft:dropped":{"minecraft:wheat_seeds":9,"minecraft:oak_log":1,"minecraft:stick":2,"minecraft:dirt":4,"minecraft:string":6,"minecraft:pink_petals":192,"minecraft:bone":4,"minecraft:gravel":7,"minecraft:cobbled_deepslate":3,"minecraft:rotten_flesh":16,"minecraft:oak_sapling":1,"minecraft:spider_eye":1,"minecraft:black_wool":1},"minecraft:crafted":{"minecraft:cherry_planks":432,"minecraft:oak_door":3,"minecraft:oak_planks":388,"minecraft:cherry_wood":6,"minecraft:furnace":5,"minecraft:cherry_boat":1,"minecraft:stone":3,"minecraft:cobblestone_stairs":10,"minecraft:glass":36,"minecraft:iron_boots":1,"minecraft:iron_axe":3,"minecraft:stone_pickaxe":1,"minecraft:chest":27,"minecraft:wheat":216,"minecraft:jungle_wood":3,"minecraft:crafting_table":2,"minecraft:wooden_pickaxe":1,"minecraft:iron_helmet":1,"minecraft:iron_sword":1,"minecraft:bucket":1,"minecraft:stone_axe":1,"minecraft:bread":72,"minecraft:air":0,"minecraft:jungle_planks":24,"minecraft:wooden_hoe":2,"minecraft:iron_chestplate":1,"minecraft:shield":2,"minecraft:stick":100,"minecraft:iron_ingot":119,"minecraft:iron_pickaxe":3,"minecraft:wooden_axe":1,"minecraft:cherry_door":3,"minecraft:iron_shovel":3,"minecraft:iron_leggings":1,"minecraft:stonecutter":1,"minecraft:white_bed":2,"minecraft:torch":272},"minecraft:picked_up":{"minecraft:crafting_table":13,"minecraft:string":16,"minecraft:cherry_boat":1,"minecraft:cobbled_deepslate":3,"minecraft:beef":7,"minecraft:chest":13,"minecraft:furnace":3,"minecraft:stick":16,"minecraft:raw_iron":122,"minecraft:oak_door":2,"minecraft:oak_fence":3,"minecraft:torch":13,"minecraft:porkchop":4,"minecraft:cherry_log":150,"minecraft:redstone":1,"minecraft:arrow":26,"minecraft:rotten_flesh":29,"minecraft:hay_block":24,"minecraft:cobblestone":347,"minecraft:mutton":32,"minecraft:white_wool":20,"minecraft:rail":1,"minecraft:pink_petals":417,"minecraft:cherry_planks":64,"minecraft:jungle_log":7,"minecraft:leather":7,"minecraft:flint":1,"minecraft:oak_log":111,"minecraft:cherry_door":2,"minecraft:dirt":717,"minecraft:cooked_mutton":18,"minecraft:bone":17,"minecraft:stonecutter":2,"minecraft:bow":1,"minecraft:wheat_seeds":19,"minecraft:iron_ingot":3,"minecraft:oak_planks":32,"minecraft:dandelion":2,"minecraft:gravel":7,"minecraft:sand":36,"minecraft:white_bed":4,"minecraft:spider_eye":2,"minecraft:mossy_cobblestone":1,"minecraft:granite":4,"minecraft:cherry_sapling":16,"minecraft:gray_wool":1,"minecraft:emerald":1,"minecraft:oak_sapling":4,"minecraft:black_wool":2,"minecraft:coal":252},"minecraft:killed":{"minecraft:armadillo":1,"minecraft:cave_spider":1,"minecraft:spider":10,"minecraft:skeleton":20,"minecraft:drowned":1,"minecraft:pig":4,"minecraft:bat":1,"minecraft:creeper":2,"minecraft:sheep":24,"minecraft:zombie":23,"minecraft:cow":4,"minecraft:enderman":1}},"DataVersion":3953}