{"stats":{"minecraft:broken":{"minecraft:iron_shovel":3,"minecraft:stone_pickaxe":1,"minecraft:iron_axe":2,"minecraft:iron_pickaxe":2,"minecraft:iron_helmet":1,"minecraft:wooden_axe":1},"minecraft:mined":{"minecraft:infested_deepslate":1,"minecraft:white_bed":5,"minecraft:mossy_cobblestone":2,"minecraft:deepslate_diamond_ore":3,"minecraft:oak_door":2,"minecraft:cherry_log":152,"minecraft:jungle_leaves":2,"minecraft:glow_lichen":1,"minecraft:granite":4,"minecraft:grass_block":293,"minecraft:jungle_log":7,"minecraft:redstone_wire":1,"minecraft:spawner":1,"minecraft:hay_block":24,"minecraft:furnace":5,"minecraft:iron_ore":109,"minecraft:andesite":2,"minecraft:peony":1,"minecraft:pointed_dripstone":1,"minecraft:deepslate_iron_ore":23,"minecraft:stone":302,"minecraft:tripwire":1,"minecraft:cherry_planks":72,"minecraft:oak_fence":1,"minecraft:crafting_table":15,"minecraft:torch":4,"minecraft:short_grass":35,"minecraft:emerald_ore":1,"minecraft:chest":25,"minecraft:tall_grass":15,"minecraft:cobblestone":24,"minecraft:oak_planks":41,"minecraft:sculk":12,"minecraft:wall_torch":11,"minecraft:pink_petals":30,"minecraft:cherry_door":2,"minecraft:oak_log":179,"minecraft:coal_ore":183,"minecraft:cherry_leaves":54,"minecraft:gravel":12,"minecraft:sand":36,"minecraft:dirt":509,"minecraft:cobweb":18,"minecraft:stonecutter":2,"minecraft:oak_leaves":44,"minecraft:deepslate":4,"minecraft:fern":1},"minecraft:killed_by":{"minecraft:skeleton":1,"minecraft:zombie":1},"minecraft:custom":{"minecraft:mob_kills":142,"minecraft:interact_with_crafting_table":61,"minecraft:leave_game":6,"minecraft:time_since_death":12773,"minecraft:climb_one_cm":1644,"minecraft:sprint_one_cm":963741,"minecraft:walk_one_cm":618875,"minecraft:damage_blocked_by_shield":5772,"minecraft:drop":27,"minecraft:talked_to_villager":1,"minecraft:play_time":250550,"minecraft:sneak_time":2460,"minecraft:deaths":2,"minecraft:walk_under_water_one_cm":21148,"minecraft:boat_one_cm":25253,"minecraft:jump":6572,"minecraft:walk_on_water_one_cm":36438,"minecraft:total_world_time":250550,"minecraft:interact_with_furnace":69,"minecraft:interact_with_stonecutter":5,"minecraft:sleep_in_bed":16,"minecraft:time_since_rest":12619,"minecraft:damage_taken":5361,"minecraft:damage_dealt":20698,"minecraft:swim_one_cm":44780,"minecraft:fly_one_cm":1238401,"minecraft:open_chest":48,"minecraft:crouch_one_cm":6644,"minecraft:fall_one_cm":205310,"minecraft:inspect_dispenser":1},"minecraft:used":{"minecraft:cherry_boat":1,"minecraft:cherry_wood":4,"minecraft:iron_shovel":818,"minecraft:chest":52,"minecraft:shield":115,"minecraft:iron_sword":274,"minecraft:rotten_flesh":12,"minecraft:oak_door":2,"minecraft:iron_chestplate":1,"minecraft:torch":442,"minecraft:mutton":6,"minecraft:dirt":40,"minecraft:glass":36,"minecraft:wooden_axe":35,"minecraft:iron_axe":610,"minecraft:iron_helmet":1,"minecraft:iron_boots":1,"minecraft:beef":6,"minecraft:furnace":10,"minecraft:cobbled_deepslate":1,"minecraft:cherry_log":36,"minecraft:iron_leggings":2,"minecraft:cooked_mutton":28,"minecraft:water_bucket":20,"minecraft:cobblestone_stairs":19,"minecraft:stone_pickaxe":131,"minecraft:oak_planks":427,"minecraft:wooden_pickaxe":7,"minecraft:cherry_planks":364,"minecraft:stonecutter":3,"minecraft:mossy_cobblestone":1,"minecraft:crafting_table":16,"minecraft:white_bed":6,"minecraft:wooden_hoe":24,"minecraft:black_wool":1,"minecraft:apple":4,"minecraft:cherry_door":4,"minecraft:bread":81,"minecraft:iron_pickaxe":541,"minecraft:stone_axe":31,"minecraft:pink_petals":73,"minecraft:cobblestone":106,"minecraft:porkchop":5,"minecraft:cooked_porkchop":3,"minecraft:bucket":20,"minecraft:dandelion":2},"minecraft:dropped":{"minecraft:wheat_seeds":9,"minecraft:oak_log":1,"minecraft:stick":2,"minecraft:dirt":4,"minecraft:string":6,"minecraft:pink_petals":192,"minecraft:bone":4,"minecraft:gravel":7,"minecraft:cobbled_deepslate":3,"minecraft:rotten_flesh":16,"minecraft:oak_sapling":1,"minecraft:spider_eye":1,"minecraft:black_wool":1},"minecraft:crafted":{"minecraft:cherry_planks":432,"minecraft:oak_door":3,"minecraft:oak_planks":704,"minecraft:cherry_wood":6,"minecraft:furnace":5,"minecraft:cherry_boat":1,"minecraft:cobblestone_stairs":10,"minecraft:stone":3,"minecraft:cooked_mutton":2,"minecraft:glass":36,"minecraft:iron_boots":1,"minecraft:iron_axe":3,"minecraft:stone_pickaxe":1,"minecraft:chest":27,"minecraft:wheat":216,"minecraft:jungle_wood":3,"minecraft:crafting_table":3,"minecraft:wooden_pickaxe":1,"minecraft:iron_helmet":1,"minecraft:iron_sword":2,"minecraft:bucket":1,"minecraft:stone_axe":1,"minecraft:bread":72,"minecraft:air":0,"minecraft:jungle_planks":24,"minecraft:iron_chestplate":1,"minecraft:wooden_hoe":2,"minecraft:shield":3,"minecraft:stick":132,"minecraft:iron_ingot":119,"minecraft:iron_pickaxe":3,"minecraft:wooden_axe":1,"minecraft:iron_shovel":4,"minecraft:cherry_door":3,"minecraft:iron_leggings":1,"minecraft:stonecutter":1,"minecraft:white_bed":2,"minecraft:torch":456},"minecraft:picked_up":{"minecraft:crafting_table":17,"minecraft:iron_chestplate":2,"minecraft:shield":4,"minecraft:string":30,"minecraft:iron_axe":2,"minecraft:iron_leggings":2,"minecraft:iron_shovel":2,"minecraft:cherry_boat":1,"minecraft:cobbled_deepslate":7,"minecraft:bucket":2,"minecraft:beef":7,"minecraft:iron_pickaxe":2,"minecraft:chest":25,"minecraft:furnace":5,"minecraft:iron_boots":1,"minecraft:stick":20,"minecraft:raw_iron":140,"minecraft:oak_door":2,"minecraft:oak_fence":3,"minecraft:torch":157,"minecraft:porkchop":15,"minecraft:cherry_log":150,"minecraft:pointed_dripstone":15,"minecraft:redstone":1,"minecraft:arrow":49,"minecraft:rotten_flesh":45,"minecraft:hay_block":24,"minecraft:mutton":40,"minecraft:rail":1,"minecraft:white_wool":26,"minecraft:cobblestone":359,"minecraft:pink_petals":454,"minecraft:cherry_planks":180,"minecraft:glow_ink_sac":4,"minecraft:jungle_log":7,"minecraft:leather":7,"minecraft:flint":1,"minecraft:tuff":6,"minecraft:oak_log":177,"minecraft:gunpowder":2,"minecraft:cherry_door":2,"minecraft:dirt":820,"minecraft:cooked_mutton":33,"minecraft:bone":43,"minecraft:apple":1,"minecraft:stonecutter":2,"minecraft:bow":2,"minecraft:wheat_seeds":22,"minecraft:iron_ingot":63,"minecraft:iron_sword":2,"minecraft:oak_planks":216,"minecraft:cooked_porkchop":5,"minecraft:dandelion":2,"minecraft:gravel":7,"minecraft:sand":36,"minecraft:white_bed":5,"minecraft:spider_eye":7,"minecraft:mossy_cobblestone":1,"minecraft:diamond":9,"minecraft:iron_helmet":1,"minecraft:granite":4,"minecraft:cherry_sapling":16,"minecraft:gray_wool":1,"minecraft:emerald":1,"minecraft:oak_sapling":8,"minecraft:black_wool":2,"minecraft:coal":347},"minecraft:killed":{"minecraft:armadillo":1,"minecraft:cave_spider":1,"minecraft:spider":17,"minecraft:slime":1,"minecraft:skeleton":29,"minecraft:silverfish":1,"minecraft:drowned":1,"minecraft:pig":9,"minecraft:zombie_villager":1,"minecraft:bat":1,"minecraft:creeper":2,"minecraft:sheep":30,"minecraft:zombie":38,"minecraft:cow":4,"minecraft:enderman":1}},"DataVersion":3953}