{"stats":{"minecraft:used":{"minecraft:cooked_mutton":3,"minecraft:water_bucket":4,"minecraft:stone_pickaxe":131,"minecraft:oak_planks":22,"minecraft:wooden_pickaxe":7,"minecraft:shield":39,"minecraft:iron_sword":117,"minecraft:rotten_flesh":1,"minecraft:iron_chestplate":1,"minecraft:torch":170,"minecraft:mossy_cobblestone":1,"minecraft:dirt":16,"minecraft:mutton":6,"minecraft:crafting_table":9,"minecraft:white_bed":3,"minecraft:wooden_axe":35,"minecraft:wooden_hoe":24,"minecraft:iron_axe":48,"minecraft:bread":49,"minecraft:iron_pickaxe":192,"minecraft:iron_helmet":1,"minecraft:iron_boots":1,"minecraft:stone_axe":31,"minecraft:cobblestone":31,"minecraft:beef":6,"minecraft:porkchop":1,"minecraft:furnace":5,"minecraft:bucket":5,"minecraft:iron_leggings":1},"minecraft:picked_up":{"minecraft:pink_petals":3,"minecraft:crafting_table":9,"minecraft:jungle_log":7,"minecraft:leather":7,"minecraft:oak_log":15,"minecraft:dirt":34,"minecraft:string":5,"minecraft:cooked_mutton":18,"minecraft:bone":10,"minecraft:bow":1,"minecraft:wheat_seeds":1,"minecraft:cobbled_deepslate":3,"minecraft:iron_ingot":3,"minecraft:beef":7,"minecraft:furnace":3,"minecraft:stick":2,"minecraft:raw_iron":93,"minecraft:oak_fence":3,"minecraft:torch":4,"minecraft:gravel":5,"minecraft:porkchop":4,"minecraft:white_bed":3,"minecraft:redstone":1,"minecraft:mossy_cobblestone":1,"minecraft:arrow":22,"minecraft:rotten_flesh":19,"minecraft:hay_block":24,"minecraft:granite":4,"minecraft:gray_wool":1,"minecraft:black_wool":2,"minecraft:mutton":31,"minecraft:white_wool":19,"minecraft:coal":212,"minecraft:rail":1,"minecraft:cobblestone":76},"minecraft:crafted":{"minecraft:oak_planks":60,"minecraft:jungle_wood":3,"minecraft:crafting_table":2,"minecraft:wooden_pickaxe":1,"minecraft:iron_helmet":1,"minecraft:iron_sword":1,"minecraft:furnace":2,"minecraft:bucket":1,"minecraft:stone_axe":1,"minecraft:bread":72,"minecraft:air":0,"minecraft:jungle_planks":24,"minecraft:iron_boots":1,"minecraft:iron_chestplate":1,"minecraft:wooden_hoe":2,"minecraft:shield":2,"minecraft:iron_axe":1,"minecraft:stick":52,"minecraft:iron_ingot":76,"minecraft:stone_pickaxe":1,"minecraft:iron_pickaxe":1,"minecraft:wooden_axe":1,"minecraft:iron_leggings":1,"minecraft:white_bed":1,"minecraft:torch":140,"minecraft:wheat":216},"minecraft:mined":{"minecraft:white_bed":3,"minecraft:mossy_cobblestone":2,"minecraft:jungle_leaves":2,"minecraft:oak_fence":1,"minecraft:crafting_table":9,"minecraft:torch":1,"minecraft:granite":4,"minecraft:short_grass":8,"minecraft:grass_block":5,"minecraft:jungle_log":7,"minecraft:redstone_wire":1,"minecraft:cobblestone":4,"minecraft:spawner":1,"minecraft:hay_block":24,"minecraft:furnace":3,"minecraft:iron_ore":73,"minecraft:andesite":2,"minecraft:oak_log":17,"minecraft:coal_ore":141,"minecraft:deepslate_iron_ore":23,"minecraft:gravel":6,"minecraft:dirt":2,"minecraft:cobweb":18,"minecraft:stone":67,"minecraft:tripwire":1,"minecraft:oak_leaves":9,"minecraft:deepslate":4,"minecraft:fern":1},"minecraft:killed":{"minecraft:armadillo":1,"minecraft:cave_spider":1,"minecraft:pig":4,"minecraft:spider":4,"minecraft:bat":1,"minecraft:creeper":2,"minecraft:skeleton":15,"minecraft:sheep":23,"minecraft:zombie":15,"minecraft:drowned":1,"minecraft:cow":4,"minecraft:enderman":1},"minecraft:dropped":{"minecraft:gravel":2,"minecraft:cobbled_deepslate":3,"minecraft:dirt":1,"minecraft:black_wool":1},"minecraft:custom":{"minecraft:interact_with_furnace":42,"minecraft:mob_kills":76,"minecraft:interact_with_crafting_table":28,"minecraft:interact_with_stonecutter":1,"minecraft:leave_game":1,"minecraft:time_since_death":96845,"minecraft:sleep_in_bed":5,"minecraft:climb_one_cm":1644,"minecraft:time_since_rest":8243,"minecraft:sprint_one_cm":423270,"minecraft:damage_taken":1856,"minecraft:walk_one_cm":160120,"minecraft:damage_blocked_by_shield":2311,"minecraft:drop":5,"minecraft:damage_dealt":10075,"minecraft:swim_one_cm":40113,"minecraft:fly_one_cm":513985,"minecraft:open_chest":23,"minecraft:crouch_one_cm":2269,"minecraft:play_time":96845,"minecraft:sneak_time":767,"minecraft:walk_under_water_one_cm":11152,"minecraft:jump":2662,"minecraft:walk_on_water_one_cm":21958,"minecraft:inspect_dispenser":1,"minecraft:fall_one_cm":85708,"minecraft:total_world_time":96845},"minecraft:broken":{"minecraft:stone_pickaxe":1,"minecraft:wooden_axe":1}},"DataVersion":3953}