{"stats":{"minecraft:used":{"minecraft:cherry_boat":1,"minecraft:cherry_wood":4,"minecraft:iron_shovel":36,"minecraft:shield":70,"minecraft:iron_sword":158,"minecraft:rotten_flesh":1,"minecraft:iron_chestplate":1,"minecraft:torch":258,"minecraft:dirt":34,"minecraft:mutton":6,"minecraft:wooden_axe":35,"minecraft:iron_axe":267,"minecraft:iron_helmet":1,"minecraft:iron_boots":1,"minecraft:beef":6,"minecraft:furnace":5,"minecraft:cherry_log":32,"minecraft:iron_leggings":1,"minecraft:cooked_mutton":11,"minecraft:water_bucket":17,"minecraft:stone_pickaxe":131,"minecraft:oak_planks":169,"minecraft:wooden_pickaxe":7,"minecraft:cherry_planks":179,"minecraft:mossy_cobblestone":1,"minecraft:crafting_table":14,"minecraft:white_bed":5,"minecraft:wooden_hoe":24,"minecraft:black_wool":1,"minecraft:bread":69,"minecraft:iron_pickaxe":381,"minecraft:stone_axe":31,"minecraft:pink_petals":63,"minecraft:cobblestone":102,"minecraft:porkchop":1,"minecraft:bucket":18,"minecraft:dandelion":2},"minecraft:picked_up":{"minecraft:crafting_table":13,"minecraft:string":11,"minecraft:cherry_boat":1,"minecraft:cobbled_deepslate":3,"minecraft:beef":7,"minecraft:furnace":3,"minecraft:raw_iron":122,"minecraft:stick":11,"minecraft:oak_fence":3,"minecraft:torch":6,"minecraft:porkchop":4,"minecraft:cherry_log":84,"minecraft:redstone":1,"minecraft:arrow":24,"minecraft:rotten_flesh":29,"minecraft:hay_block":24,"minecraft:mutton":31,"minecraft:cobblestone":208,"minecraft:rail":1,"minecraft:white_wool":19,"minecraft:pink_petals":257,"minecraft:cherry_planks":45,"minecraft:jungle_log":7,"minecraft:leather":7,"minecraft:flint":1,"minecraft:oak_log":55,"minecraft:dirt":105,"minecraft:cooked_mutton":18,"minecraft:bone":14,"minecraft:bow":1,"minecraft:wheat_seeds":6,"minecraft:iron_ingot":3,"minecraft:oak_planks":15,"minecraft:dandelion":2,"minecraft:gravel":7,"minecraft:white_bed":4,"minecraft:spider_eye":1,"minecraft:mossy_cobblestone":1,"minecraft:granite":4,"minecraft:cherry_sapling":12,"minecraft:gray_wool":1,"minecraft:emerald":1,"minecraft:oak_sapling":1,"minecraft:coal":252,"minecraft:black_wool":2},"minecraft:mined":{"minecraft:white_bed":4,"minecraft:mossy_cobblestone":2,"minecraft:cherry_log":86,"minecraft:jungle_leaves":2,"minecraft:glow_lichen":1,"minecraft:granite":4,"minecraft:grass_block":60,"minecraft:jungle_log":7,"minecraft:redstone_wire":1,"minecraft:spawner":1,"minecraft:hay_block":24,"minecraft:furnace":3,"minecraft:iron_ore":103,"minecraft:andesite":2,"minecraft:deepslate_iron_ore":23,"minecraft:stone":159,"minecraft:tripwire":1,"minecraft:cherry_planks":55,"minecraft:oak_fence":1,"minecraft:crafting_table":13,"minecraft:torch":2,"minecraft:short_grass":20,"minecraft:emerald_ore":1,"minecraft:cobblestone":24,"minecraft:tall_grass":6,"minecraft:oak_planks":15,"minecraft:wall_torch":1,"minecraft:pink_petals":15,"minecraft:coal_ore":183,"minecraft:oak_log":57,"minecraft:cherry_leaves":25,"minecraft:gravel":12,"minecraft:dirt":2,"minecraft:cobweb":18,"minecraft:deepslate":4,"minecraft:oak_leaves":20,"minecraft:fern":1},"minecraft:crafted":{"minecraft:cherry_planks":184,"minecraft:oak_planks":216,"minecraft:cherry_wood":6,"minecraft:furnace":2,"minecraft:cherry_boat":1,"minecraft:iron_boots":1,"minecraft:iron_axe":2,"minecraft:stone_pickaxe":1,"minecraft:wheat":216,"minecraft:jungle_wood":3,"minecraft:crafting_table":2,"minecraft:wooden_pickaxe":1,"minecraft:iron_helmet":1,"minecraft:iron_sword":1,"minecraft:bucket":1,"minecraft:stone_axe":1,"minecraft:bread":72,"minecraft:air":0,"minecraft:jungle_planks":24,"minecraft:wooden_hoe":2,"minecraft:iron_chestplate":1,"minecraft:shield":2,"minecraft:stick":80,"minecraft:iron_ingot":76,"minecraft:iron_pickaxe":2,"minecraft:wooden_axe":1,"minecraft:iron_shovel":1,"minecraft:iron_leggings":1,"minecraft:white_bed":2,"minecraft:torch":228},"minecraft:killed":{"minecraft:armadillo":1,"minecraft:cave_spider":1,"minecraft:spider":6,"minecraft:skeleton":18,"minecraft:drowned":1,"minecraft:pig":4,"minecraft:bat":1,"minecraft:creeper":2,"minecraft:sheep":23,"minecraft:zombie":23,"minecraft:enderman":1,"minecraft:cow":4},"minecraft:dropped":{"minecraft:oak_log":1,"minecraft:stick":2,"minecraft:dirt":4,"minecraft:string":6,"minecraft:pink_petals":192,"minecraft:bone":4,"minecraft:gravel":7,"minecraft:cobbled_deepslate":3,"minecraft:rotten_flesh":16,"minecraft:oak_sapling":1,"minecraft:spider_eye":1,"minecraft:black_wool":1},"minecraft:custom":{"minecraft:mob_kills":89,"minecraft:interact_with_crafting_table":34,"minecraft:leave_game":2,"minecraft:time_since_death":146858,"minecraft:climb_one_cm":1644,"minecraft:sprint_one_cm":602457,"minecraft:walk_one_cm":287784,"minecraft:damage_blocked_by_shield":3394,"minecraft:drop":26,"minecraft:play_time":146858,"minecraft:sneak_time":1169,"minecraft:walk_under_water_one_cm":15272,"minecraft:boat_one_cm":25253,"minecraft:jump":4161,"minecraft:walk_on_water_one_cm":32182,"minecraft:total_world_time":146858,"minecraft:interact_with_furnace":42,"minecraft:interact_with_stonecutter":1,"minecraft:sleep_in_bed":9,"minecraft:time_since_rest":63,"minecraft:damage_taken":2923,"minecraft:damage_dealt":12234,"minecraft:swim_one_cm":42638,"minecraft:fly_one_cm":792895,"minecraft:open_chest":23,"minecraft:crouch_one_cm":3455,"minecraft:fall_one_cm":130669,"minecraft:inspect_dispenser":1},"minecraft:broken":{"minecraft:stone_pickaxe":1,"minecraft:iron_axe":1,"minecraft:iron_pickaxe":1,"minecraft:wooden_axe":1}},"DataVersion":3953}