{"stats":{"minecraft:used":{"minecraft:cherry_boat":1,"minecraft:cooked_mutton":9,"minecraft:water_bucket":16,"minecraft:stone_pickaxe":131,"minecraft:oak_planks":22,"minecraft:wooden_pickaxe":7,"minecraft:shield":70,"minecraft:cherry_planks":1,"minecraft:iron_sword":158,"minecraft:rotten_flesh":1,"minecraft:iron_chestplate":1,"minecraft:torch":258,"minecraft:mossy_cobblestone":1,"minecraft:dirt":33,"minecraft:mutton":6,"minecraft:crafting_table":13,"minecraft:white_bed":4,"minecraft:wooden_axe":35,"minecraft:wooden_hoe":24,"minecraft:black_wool":1,"minecraft:iron_axe":89,"minecraft:bread":67,"minecraft:iron_pickaxe":281,"minecraft:iron_helmet":1,"minecraft:iron_boots":1,"minecraft:pink_petals":63,"minecraft:stone_axe":31,"minecraft:cobblestone":65,"minecraft:beef":6,"minecraft:porkchop":1,"minecraft:furnace":5,"minecraft:bucket":17,"minecraft:iron_leggings":1},"minecraft:picked_up":{"minecraft:pink_petals":191,"minecraft:crafting_table":12,"minecraft:cherry_planks":1,"minecraft:jungle_log":7,"minecraft:leather":7,"minecraft:flint":1,"minecraft:oak_log":32,"minecraft:dirt":53,"minecraft:string":11,"minecraft:cooked_mutton":18,"minecraft:bone":14,"minecraft:cherry_boat":1,"minecraft:bow":1,"minecraft:wheat_seeds":5,"minecraft:cobbled_deepslate":3,"minecraft:iron_ingot":3,"minecraft:beef":7,"minecraft:furnace":3,"minecraft:stick":2,"minecraft:raw_iron":122,"minecraft:oak_fence":3,"minecraft:dandelion":2,"minecraft:torch":5,"minecraft:gravel":7,"minecraft:porkchop":4,"minecraft:cherry_log":14,"minecraft:white_bed":3,"minecraft:redstone":1,"minecraft:spider_eye":1,"minecraft:mossy_cobblestone":1,"minecraft:arrow":24,"minecraft:rotten_flesh":29,"minecraft:hay_block":24,"minecraft:granite":4,"minecraft:gray_wool":1,"minecraft:black_wool":2,"minecraft:mutton":31,"minecraft:white_wool":19,"minecraft:coal":252,"minecraft:rail":1,"minecraft:cobblestone":112},"minecraft:mined":{"minecraft:white_bed":3,"minecraft:cherry_planks":1,"minecraft:mossy_cobblestone":2,"minecraft:cherry_log":14,"minecraft:jungle_leaves":2,"minecraft:glow_lichen":1,"minecraft:oak_fence":1,"minecraft:crafting_table":12,"minecraft:torch":1,"minecraft:granite":4,"minecraft:short_grass":14,"minecraft:grass_block":7,"minecraft:jungle_log":7,"minecraft:redstone_wire":1,"minecraft:tall_grass":6,"minecraft:cobblestone":7,"minecraft:wall_torch":1,"minecraft:spawner":1,"minecraft:pink_petals":13,"minecraft:hay_block":24,"minecraft:furnace":3,"minecraft:iron_ore":103,"minecraft:andesite":2,"minecraft:oak_log":34,"minecraft:coal_ore":183,"minecraft:deepslate_iron_ore":23,"minecraft:cherry_leaves":3,"minecraft:gravel":12,"minecraft:dirt":2,"minecraft:cobweb":18,"minecraft:stone":78,"minecraft:tripwire":1,"minecraft:oak_leaves":9,"minecraft:deepslate":4,"minecraft:fern":1},"minecraft:crafted":{"minecraft:cherry_planks":56,"minecraft:oak_planks":60,"minecraft:jungle_wood":3,"minecraft:crafting_table":2,"minecraft:wooden_pickaxe":1,"minecraft:iron_helmet":1,"minecraft:iron_sword":1,"minecraft:furnace":2,"minecraft:cherry_boat":1,"minecraft:bucket":1,"minecraft:stone_axe":1,"minecraft:bread":72,"minecraft:air":0,"minecraft:jungle_planks":24,"minecraft:iron_boots":1,"minecraft:iron_chestplate":1,"minecraft:wooden_hoe":2,"minecraft:shield":2,"minecraft:iron_axe":1,"minecraft:stick":76,"minecraft:iron_ingot":76,"minecraft:stone_pickaxe":1,"minecraft:iron_pickaxe":2,"minecraft:wooden_axe":1,"minecraft:iron_leggings":1,"minecraft:white_bed":2,"minecraft:torch":228,"minecraft:wheat":216},"minecraft:killed":{"minecraft:armadillo":1,"minecraft:cave_spider":1,"minecraft:pig":4,"minecraft:spider":6,"minecraft:bat":1,"minecraft:creeper":2,"minecraft:skeleton":18,"minecraft:sheep":23,"minecraft:zombie":23,"minecraft:drowned":1,"minecraft:cow":4,"minecraft:enderman":1},"minecraft:dropped":{"minecraft:gravel":2,"minecraft:cobbled_deepslate":3,"minecraft:dirt":1,"minecraft:black_wool":1},"minecraft:custom":{"minecraft:interact_with_furnace":42,"minecraft:mob_kills":89,"minecraft:interact_with_crafting_table":32,"minecraft:interact_with_stonecutter":1,"minecraft:leave_game":1,"minecraft:time_since_death":126845,"minecraft:sleep_in_bed":7,"minecraft:climb_one_cm":1644,"minecraft:time_since_rest":5392,"minecraft:sprint_one_cm":543023,"minecraft:damage_taken":2853,"minecraft:walk_one_cm":201256,"minecraft:damage_blocked_by_shield":3394,"minecraft:drop":5,"minecraft:damage_dealt":12234,"minecraft:swim_one_cm":42638,"minecraft:fly_one_cm":752742,"minecraft:open_chest":23,"minecraft:crouch_one_cm":3455,"minecraft:play_time":126845,"minecraft:sneak_time":1169,"minecraft:walk_under_water_one_cm":15272,"minecraft:boat_one_cm":25253,"minecraft:jump":3876,"minecraft:walk_on_water_one_cm":28371,"minecraft:inspect_dispenser":1,"minecraft:fall_one_cm":124648,"minecraft:total_world_time":126845},"minecraft:broken":{"minecraft:stone_pickaxe":1,"minecraft:iron_pickaxe":1,"minecraft:wooden_axe":1}},"DataVersion":3953}