{"stats":{"minecraft:used":{"minecraft:cooked_mutton":4,"minecraft:water_bucket":4,"minecraft:stone_pickaxe":131,"minecraft:oak_planks":22,"minecraft:wooden_pickaxe":7,"minecraft:shield":56,"minecraft:iron_sword":140,"minecraft:rotten_flesh":1,"minecraft:iron_chestplate":1,"minecraft:torch":203,"minecraft:mossy_cobblestone":1,"minecraft:dirt":26,"minecraft:mutton":6,"minecraft:crafting_table":11,"minecraft:white_bed":3,"minecraft:wooden_axe":35,"minecraft:wooden_hoe":24,"minecraft:iron_axe":69,"minecraft:bread":54,"minecraft:iron_pickaxe":276,"minecraft:iron_helmet":1,"minecraft:iron_boots":1,"minecraft:stone_axe":31,"minecraft:cobblestone":31,"minecraft:beef":6,"minecraft:porkchop":1,"minecraft:furnace":5,"minecraft:bucket":5,"minecraft:iron_leggings":1},"minecraft:picked_up":{"minecraft:pink_petals":3,"minecraft:crafting_table":11,"minecraft:jungle_log":7,"minecraft:leather":7,"minecraft:oak_log":15,"minecraft:dirt":34,"minecraft:string":9,"minecraft:cooked_mutton":18,"minecraft:bone":13,"minecraft:bow":1,"minecraft:wheat_seeds":1,"minecraft:cobbled_deepslate":3,"minecraft:iron_ingot":3,"minecraft:beef":7,"minecraft:furnace":3,"minecraft:stick":2,"minecraft:raw_iron":122,"minecraft:oak_fence":3,"minecraft:torch":5,"minecraft:gravel":7,"minecraft:porkchop":4,"minecraft:cherry_log":14,"minecraft:white_bed":3,"minecraft:redstone":1,"minecraft:spider_eye":1,"minecraft:mossy_cobblestone":1,"minecraft:arrow":23,"minecraft:rotten_flesh":21,"minecraft:hay_block":24,"minecraft:granite":4,"minecraft:gray_wool":1,"minecraft:black_wool":2,"minecraft:mutton":31,"minecraft:white_wool":19,"minecraft:coal":251,"minecraft:rail":1,"minecraft:cobblestone":99},"minecraft:mined":{"minecraft:white_bed":3,"minecraft:mossy_cobblestone":2,"minecraft:cherry_log":14,"minecraft:jungle_leaves":2,"minecraft:glow_lichen":1,"minecraft:oak_fence":1,"minecraft:crafting_table":11,"minecraft:torch":1,"minecraft:granite":4,"minecraft:short_grass":10,"minecraft:grass_block":5,"minecraft:jungle_log":7,"minecraft:redstone_wire":1,"minecraft:cobblestone":4,"minecraft:wall_torch":1,"minecraft:spawner":1,"minecraft:hay_block":24,"minecraft:furnace":3,"minecraft:iron_ore":103,"minecraft:andesite":2,"minecraft:oak_log":17,"minecraft:coal_ore":182,"minecraft:deepslate_iron_ore":23,"minecraft:cherry_leaves":3,"minecraft:gravel":10,"minecraft:dirt":2,"minecraft:cobweb":18,"minecraft:stone":78,"minecraft:tripwire":1,"minecraft:oak_leaves":9,"minecraft:deepslate":4,"minecraft:fern":1},"minecraft:crafted":{"minecraft:cherry_planks":56,"minecraft:oak_planks":60,"minecraft:jungle_wood":3,"minecraft:crafting_table":2,"minecraft:wooden_pickaxe":1,"minecraft:iron_helmet":1,"minecraft:iron_sword":1,"minecraft:furnace":2,"minecraft:bucket":1,"minecraft:stone_axe":1,"minecraft:bread":72,"minecraft:air":0,"minecraft:jungle_planks":24,"minecraft:iron_boots":1,"minecraft:iron_chestplate":1,"minecraft:wooden_hoe":2,"minecraft:shield":2,"minecraft:iron_axe":1,"minecraft:stick":76,"minecraft:iron_ingot":76,"minecraft:stone_pickaxe":1,"minecraft:iron_pickaxe":2,"minecraft:wooden_axe":1,"minecraft:iron_leggings":1,"minecraft:white_bed":1,"minecraft:torch":228,"minecraft:wheat":216},"minecraft:killed":{"minecraft:armadillo":1,"minecraft:cave_spider":1,"minecraft:pig":4,"minecraft:spider":6,"minecraft:bat":1,"minecraft:creeper":2,"minecraft:skeleton":17,"minecraft:sheep":23,"minecraft:zombie":17,"minecraft:drowned":1,"minecraft:cow":4,"minecraft:enderman":1},"minecraft:dropped":{"minecraft:gravel":2,"minecraft:cobbled_deepslate":3,"minecraft:dirt":1,"minecraft:black_wool":1},"minecraft:custom":{"minecraft:interact_with_furnace":42,"minecraft:mob_kills":82,"minecraft:interact_with_crafting_table":30,"minecraft:interact_with_stonecutter":1,"minecraft:leave_game":1,"minecraft:time_since_death":108845,"minecraft:sleep_in_bed":6,"minecraft:climb_one_cm":1644,"minecraft:time_since_rest":45,"minecraft:sprint_one_cm":474734,"minecraft:damage_taken":2111,"minecraft:walk_one_cm":178225,"minecraft:damage_blocked_by_shield":3103,"minecraft:drop":5,"minecraft:damage_dealt":11284,"minecraft:swim_one_cm":41709,"minecraft:fly_one_cm":581771,"minecraft:open_chest":23,"minecraft:crouch_one_cm":3020,"minecraft:play_time":108845,"minecraft:sneak_time":1043,"minecraft:walk_under_water_one_cm":14416,"minecraft:jump":3051,"minecraft:walk_on_water_one_cm":25401,"minecraft:inspect_dispenser":1,"minecraft:fall_one_cm":94665,"minecraft:total_world_time":108845},"minecraft:broken":{"minecraft:stone_pickaxe":1,"minecraft:iron_pickaxe":1,"minecraft:wooden_axe":1}},"DataVersion":3953}